{
  "returns": {
    "daily_mean": 0.000547717749705991,
    "daily_std": 0.020044016257779598,
    "daily_min": -0.09245610910922164,
    "daily_max": 0.15328841216885225,
    "cumulative_return": 0.09189378057302533,
    "annualized_return": 0.09227628705944224,
    "total_trading_days": 251,
    "positive_days": 131,
    "negative_days": 120,
    "win_rate": 0.5219123505976095
  },
  "volatility": {
    "daily_volatility": 0.020044016257779598,
    "annualized_volatility": 0.31818889375812204,
    "downside_deviation": 0.23277519882084674
  },
  "sharpe_ratio": 0.4325259469674737,
  "sortino_ratio": 0.5912354635907169,
  "information_ratio": -0.08275473137733469,
  "calmar_ratio": 0.3053223572468789,
  "drawdown": {
    "max_drawdown": -0.30222577832657394,
    "max_drawdown_date": "2025-04-08",
    "current_drawdown": -0.09760997002092373,
    "days_since_peak": 40,
    "recovery_days": 167,
    "is_recovered": false
  },
  "market_risk": {
    "beta": 1.3303074518494244,
    "alpha": -0.06886459246870716,
    "correlation": 0.7748822136096908,
    "r_squared": 0.6004424449686545,
    "benchmark": "^GSPC"
  },
  "var_95": {
    "confidence_level": 0.95,
    "var_historical": -0.03185899115164608,
    "cvar_historical": -0.045223172354298784,
    "var_parametric": -0.032259555957104,
    "worst_day": -0.09245610910922164
  },
  "var_99": {
    "confidence_level": 0.99,
    "var_historical": -0.04914885149813225,
    "cvar_historical": -0.07172053825818281,
    "var_parametric": -0.04477762566906122,
    "worst_day": -0.09245610910922164
  },
  "rolling_ratios": {
    "sharpe_30d": {
      "current": -2.9444058720456474,
      "mean": 0.9060825250158023,
      "min": -8.528622112216398,
      "max": 5.407072713571906,
      "std": 2.934441184714397
    },
    "sortino_30d": {
      "current": -3.8078749035294126,
      "mean": 2.1623735843705774,
      "min": -11.415523836531651,
      "max": 10.812294484625394,
      "std": 4.787524763363136
    },
    "sharpe_60d": {
      "current": -0.9714141130281008,
      "mean": 1.5173241733992198,
      "min": -2.234108691775387,
      "max": 4.607964755002162,
      "std": 1.7798569064358862
    },
    "sortino_60d": {
      "current": -1.3942535250646262,
      "mean": 2.8670964262872833,
      "min": -2.930679723772703,
      "max": 8.755793293270843,
      "std": 3.2112797195436196
    },
    "sharpe_90d": {
      "current": 0.23376027835673413,
      "mean": 1.6898133793969283,
      "min": -1.0160341410790543,
      "max": 3.899725233768596,
      "std": 1.4941071374115031
    },
    "sortino_90d": {
      "current": 0.3454701310530266,
      "mean": 3.098794611495,
      "min": -1.431839039245798,
      "max": 7.504922136634149,
      "std": 2.692899079947296
    }
  }
}