{
  "returns": {
    "daily_mean": 0.0035683691919401296,
    "daily_std": 0.01923717699639965,
    "daily_min": -0.05910660952009328,
    "daily_max": 0.15683819895809226,
    "cumulative_return": 1.3382470169258074,
    "annualized_return": 1.3461732117886478,
    "total_trading_days": 251,
    "positive_days": 134,
    "negative_days": 115,
    "win_rate": 0.5338645418326693
  },
  "volatility": {
    "daily_volatility": 0.01923717699639965,
    "annualized_volatility": 0.30538071755643575,
    "downside_deviation": 0.1393806172293532
  },
  "sharpe_ratio": 2.943306713084005,
  "sortino_ratio": 6.432022579478392,
  "information_ratio": 2.3551631064171077,
  "calmar_ratio": 8.45697220906456,
  "drawdown": {
    "max_drawdown": -0.159179098442083,
    "max_drawdown_date": "2025-08-01",
    "current_drawdown": 0.0,
    "days_since_peak": 0,
    "recovery_days": 56,
    "is_recovered": true
  },
  "market_risk": {
    "beta": 0.27472486010547664,
    "alpha": 0.8784589315904519,
    "correlation": 0.16616033898384377,
    "r_squared": 0.027609258251225875,
    "benchmark": "^GSPC"
  },
  "var_95": {
    "confidence_level": 0.95,
    "var_historical": -0.020333321218023778,
    "cvar_historical": -0.027882164905694336,
    "var_parametric": -0.02817026692482408,
    "worst_day": -0.05910660952009328
  },
  "var_99": {
    "confidence_level": 0.99,
    "var_historical": -0.02913802957290484,
    "cvar_historical": -0.04060996715808862,
    "var_parametric": -0.04154199464424188,
    "worst_day": -0.05910660952009328
  },
  "rolling_ratios": {
    "sharpe_30d": {
      "current": 1.8579744816507124,
      "mean": 2.297157564754476,
      "min": -5.593010493855789,
      "max": 6.970648758973105,
      "std": 3.019247769773371
    },
    "sortino_30d": {
      "current": 2.874863434716656,
      "mean": 6.691124979430133,
      "min": -9.230576667778129,
      "max": 32.49559244242095,
      "std": 8.880028381953652
    },
    "sharpe_60d": {
      "current": 4.0992349965495345,
      "mean": 2.2624245099906397,
      "min": -2.496901443099065,
      "max": 5.891687079658083,
      "std": 2.3578431578490364
    },
    "sortino_60d": {
      "current": 11.395840115211014,
      "mean": 6.056596143183275,
      "min": -3.876948463176516,
      "max": 21.061324400472273,
      "std": 6.822718010069715
    },
    "sharpe_90d": {
      "current": 4.514997266671109,
      "mean": 2.006161248472268,
      "min": -0.8573509069653168,
      "max": 5.060815891782824,
      "std": 1.7814137057095956
    },
    "sortino_90d": {
      "current": 12.477077566555563,
      "mean": 5.239370236655507,
      "min": -1.3275900822831983,
      "max": 16.862909421632104,
      "std": 5.331608768987565
    }
  }
}