{
  "returns": {
    "daily_mean": 0.0008894661827155112,
    "daily_std": 0.01296451638775932,
    "daily_min": -0.051318580125661484,
    "daily_max": 0.07786257212398606,
    "cumulative_return": 0.22318276428612416,
    "annualized_return": 0.22515569654065537,
    "total_trading_days": 250,
    "positive_days": 121,
    "negative_days": 121,
    "win_rate": 0.484
  },
  "volatility": {
    "daily_volatility": 0.01296451638775932,
    "annualized_volatility": 0.20580531738139557,
    "downside_deviation": 0.1408461435917542
  },
  "sharpe_ratio": 1.0871709271292616,
  "sortino_ratio": 1.598840664710888,
  "information_ratio": 0.0,
  "calmar_ratio": 1.8578417763910278,
  "drawdown": {
    "max_drawdown": -0.12119207319044908,
    "max_drawdown_date": "2026-01-23",
    "current_drawdown": -0.0933775238643419,
    "days_since_peak": 21,
    "recovery_days": null,
    "is_recovered": false
  },
  "market_risk": {},
  "var_95": {
    "confidence_level": 0.95,
    "var_historical": -0.01605327144039206,
    "cvar_historical": -0.029332815145589795,
    "var_parametric": -0.020017484850104666,
    "worst_day": -0.051318580125661484
  },
  "var_99": {
    "confidence_level": 0.99,
    "var_historical": -0.03577061523160884,
    "cvar_historical": -0.044354330984609315,
    "var_parametric": -0.029124391541234577,
    "worst_day": -0.051318580125661484
  },
  "rolling_ratios": {
    "sharpe_30d": {
      "current": -2.2563809338199015,
      "mean": 1.4645554196712833,
      "min": -2.639230042663098,
      "max": 6.547828724708094,
      "std": 2.025013305674524
    },
    "sortino_30d": {
      "current": -2.5597419492355065,
      "mean": 3.258936583298782,
      "min": -3.5345189592983353,
      "max": 14.597134698383158,
      "std": 4.500252038063189
    },
    "sharpe_60d": {
      "current": 0.18917370317353685,
      "mean": 1.4000853548519365,
      "min": -0.8468158345583932,
      "max": 3.826732278462624,
      "std": 1.1990385191065485
    },
    "sortino_60d": {
      "current": 0.21847099974884115,
      "mean": 2.7952463681193347,
      "min": -1.1984306561539202,
      "max": 8.751068368291484,
      "std": 2.534666744408778
    },
    "sharpe_90d": {
      "current": 0.047289288133209664,
      "mean": 1.3950895651540418,
      "min": -0.7442855932347737,
      "max": 3.40970238022292,
      "std": 0.9481026931342036
    },
    "sortino_90d": {
      "current": 0.05825768274356028,
      "mean": 2.590966037867698,
      "min": -0.9048866245438862,
      "max": 7.025886936913044,
      "std": 1.8137824989408224
    }
  }
}